propellant,duration_h,radius_m,length_m,m_dot_liq_out_kg_s,m_dot_gas_out_kg_s,tank_dry_mass_kg,initial_total_mass_kg,final_total_mass_kg,initial_fuel_mass_kg,final_fuel_mass_kg,final_fill_level,final_pressure_Pa,final_liquid_temperature_K,final_gas_temperature_K,min_pressure_Pa,max_pressure_Pa
LNG,1.0,0.75,1.0,0.0,0.0,448.32259072104705,1866.699633186453,nan,1418.3770424654058,nan,nan,nan,nan,nan,nan,nan
LNG,1.0,0.75,1.0,0.02,0.0,448.32259072104705,1866.699633186453,nan,1418.3770424654058,nan,nan,nan,nan,nan,nan,nan
LNG,1.0,0.75,1.0,0.05,0.0,448.32259072104705,1866.699633186453,nan,1418.3770424654058,nan,nan,nan,nan,nan,nan,nan
LNG,1.0,0.75,1.0,0.1,0.0,448.32259072104705,1866.699633186453,nan,1418.3770424654058,nan,nan,nan,nan,nan,nan,nan
LNG,1.0,0.75,2.0,0.0,0.0,738.0639933292238,2865.629557027333,nan,2127.565563698109,nan,nan,nan,nan,nan,nan,nan
LNG,1.0,0.75,2.0,0.02,0.0,738.0639933292238,2865.629557027333,nan,2127.565563698109,nan,nan,nan,nan,nan,nan,nan
LNG,1.0,0.75,2.0,0.05,0.0,738.0639933292238,2865.629557027333,nan,2127.565563698109,nan,nan,nan,nan,nan,nan,nan
LNG,1.0,0.75,2.0,0.1,0.0,738.0639933292238,2865.629557027333,nan,2127.565563698109,nan,nan,nan,nan,nan,nan,nan
LNG,1.0,0.75,3.0,0.0,0.0,1051.4777771077177,3888.2318620385295,nan,2836.7540849308116,nan,nan,nan,nan,nan,nan,nan
LNG,1.0,0.75,3.0,0.02,0.0,1051.4777771077177,3888.2318620385295,nan,2836.7540849308116,nan,nan,nan,nan,nan,nan,nan
LNG,1.0,0.75,3.0,0.05,0.0,1051.4777771077177,3888.2318620385295,nan,2836.7540849308116,nan,nan,nan,nan,nan,nan,nan
LNG,1.0,0.75,3.0,0.1,0.0,1051.4777771077177,3888.2318620385295,nan,2836.7540849308116,nan,nan,nan,nan,nan,nan,nan
LNG,1.0,0.75,4.0,0.0,0.0,1387.1102621246273,4933.052868288142,nan,3545.942606163515,nan,nan,nan,nan,nan,nan,nan
LNG,1.0,0.75,4.0,0.02,0.0,1387.1102621246273,4933.052868288142,nan,3545.942606163515,nan,nan,nan,nan,nan,nan,nan
LNG,1.0,0.75,4.0,0.05,0.0,1387.1102621246273,4933.052868288142,nan,3545.942606163515,nan,nan,nan,nan,nan,nan,nan
LNG,1.0,0.75,4.0,0.1,0.0,1387.1102621246273,4933.052868288142,nan,3545.942606163515,nan,nan,nan,nan,nan,nan,nan
LNG,1.0,1.0,1.0,0.0,0.0,875.4996966261606,3817.318747665521,3817.3187476655207,2941.8190510393606,2941.819051039362,0.9496854498312189,413841.4703052599,33.0,146.61028970459103,150012.9431203908,413841.4703052599
LNG,1.0,1.0,1.0,0.02,0.0,875.4996966261606,3817.318747665521,nan,2941.8190510393606,nan,nan,nan,nan,nan,nan,nan
LNG,1.0,1.0,1.0,0.05,0.0,875.4996966261606,3817.318747665521,nan,2941.8190510393606,nan,nan,nan,nan,nan,nan,nan
LNG,1.0,1.0,1.0,0.1,0.0,875.4996966261606,3817.3187476655216,3457.3187476655207,2941.8190510393606,2581.8190510393615,0.8360220712008186,371551.373787937,33.0,144.1629697789683,150012.9431203908,371551.373787937
LNG,1.0,1.0,2.0,0.0,0.0,1363.5043764942548,5566.103020836198,5566.103020836197,4202.598644341943,4202.598644341946,0.9496777154338482,419839.9178005606,33.0,146.5666045506661,150012.9431203908,419839.9178005606
LNG,1.0,1.0,2.0,0.02,0.0,1363.5043764942548,5566.103020836198,5494.103020836198,4202.598644341943,4130.598644341942,0.933761553046849,403555.9244943709,33.0,145.26638200575513,150012.9431203908,403555.9244943709
LNG,1.0,1.0,2.0,0.05,0.0,1363.5043764942548,5566.103020836198,nan,4202.598644341943,nan,nan,nan,nan,nan,nan,nan
LNG,1.0,1.0,2.0,0.1,0.0,1363.5043764942548,5566.103020836198,5206.103020836197,4202.598644341943,3842.5986443419415,0.87010764053037,375816.28444430296,33.0,143.83976428478874,150012.9431203908,375816.28444430296
LNG,1.0,1.0,3.0,0.0,0.0,1881.3881039501787,7344.7663415947045,7344.766341594705,5463.378237644526,5463.378237644526,0.9496726387354101,423888.18717921025,33.0,146.54574744719176,150012.9431203908,423888.18717921025
LNG,1.0,1.0,3.0,0.02,0.0,1881.3881039501787,7344.7663415947045,7272.7663415947045,5463.378237644526,5391.378237644526,0.9374288980404588,410194.60499028757,33.0,145.54446725646423,150012.9431203908,410194.60499028757
LNG,1.0,1.0,3.0,0.05,0.0,1881.3881039501787,7344.7663415947045,nan,5463.378237644526,nan,nan,nan,nan,nan,nan,nan
LNG,1.0,1.0,3.0,0.1,0.0,1881.3881039501787,7344.766341594705,6984.766341594706,5463.378237644527,5103.378237644526,0.8884619651047386,382100.6651399547,33.0,143.83845068164476,150012.9431203908,382100.6651399547
LNG,1.0,1.0,4.0,0.0,0.0,2430.292104388778,9154.449935335888,9154.449935335888,6724.15783094711,6724.157830947109,0.949669152030943,426699.30278939515,33.0,146.53335472882043,150012.9431203908,426699.30278939515
LNG,1.0,1.0,4.0,0.02,0.0,2430.292104388778,9154.449935335888,9082.449935335888,6724.15783094711,6652.157830947111,0.939720785833259,414902.34708838916,33.0,145.71409515964146,150012.9431203908,414902.34708838916
LNG,1.0,1.0,4.0,0.05,0.0,2430.292104388778,9154.449935335888,nan,6724.15783094711,nan,nan,nan,nan,nan,nan,nan
LNG,1.0,1.0,4.0,0.1,0.0,2430.292104388778,9154.449935335888,8794.449935335888,6724.15783094711,6364.157830947109,0.8999339313881919,388317.4728160066,33.0,144.03260945184402,150012.9431203908,388317.4728160066
LNG,1.0,1.25,1.0,0.0,0.0,1499.958281793381,6753.206587220811,6753.2065872208095,5253.24830542743,5253.24830542743,0.9497724834301461,340279.0558939827,33.0,146.4447548813039,150012.9431203908,340279.0558939827
LNG,1.0,1.25,1.0,0.02,0.0,1499.958281793381,6753.206587220811,6681.206587220811,5253.24830542743,5181.248305427432,0.9370531450494649,333788.6492148376,33.0,145.34043602097913,150012.9431203908,333788.6492148376
LNG,1.0,1.25,1.0,0.05,0.0,1499.958281793381,6753.206587220811,6573.2065872208095,5253.24830542743,5073.24830542743,0.9179720469737838,328459.7963662139,33.0,144.07255995800642,150012.9431203908,328459.7963662139
LNG,1.0,1.25,1.0,0.1,0.0,1499.958281793381,6753.206587220811,6393.206587220811,5253.24830542743,4893.248305427428,0.8861679078364785,324090.3333102731,33.0,142.95098196723032,150012.9431203908,324090.3333102731
LNG,1.0,1.25,2.0,0.0,0.0,2240.1802052377975,9463.396625200514,9463.396625200514,7223.216419962716,7223.216419962714,0.9497673942400531,344105.8351999424,33.0,146.420387494734,150012.9431203908,344105.8351999424
LNG,1.0,1.25,2.0,0.02,0.0,2240.1802052377975,9463.396625200514,9391.396625200514,7223.216419962716,7151.216419962716,0.940516834515244,338562.68306220556,33.0,145.61210617015476,150012.9431203908,338562.68306220556
LNG,1.0,1.25,2.0,0.05,0.0,2240.1802052377975,9463.396625200514,9283.396625200514,7223.216419962716,7043.216419962717,0.9266414598077957,332342.7228572851,33.0,144.50507039643188,150012.9431203908,332342.7228572851
LNG,1.0,1.25,2.0,0.1,0.0,2240.1802052377975,9463.396625200514,9103.396625200514,7223.216419962716,6863.216419962717,0.9035109907784646,326947.5375318485,33.0,143.22846166196024,150012.9431203908,326947.5375318485
LNG,1.0,1.25,3.0,0.0,0.0,3013.0272301761815,12206.211764674183,12206.21176467418,9193.184534498001,9193.184534498,0.9497637764617112,346925.38833897124,33.0,146.41170248463197,150012.9431203908,346925.38833897124
LNG,1.0,1.25,3.0,0.02,0.0,3013.0272301761815,12206.211764674183,12134.211764674183,9193.184534498001,9121.184534497996,0.9424953642304111,342130.43171384034,33.0,145.77776289827807,150012.9431203908,342130.43171384034
LNG,1.0,1.25,3.0,0.05,0.0,3013.0272301761815,12206.211764674183,12026.211764674183,9193.184534498001,9013.184534498005,0.9315940214809327,335840.6171437942,33.0,144.80127728830752,150012.9431203908,335840.6171437942
LNG,1.0,1.25,3.0,0.1,0.0,3013.0272301761815,12206.211764674183,11846.211764674183,9193.184534498001,8833.184534498001,0.9134204908619972,330618.0280404023,33.0,143.72712207934532,150012.9431203908,330618.0280404023
LNG,1.0,1.25,4.0,0.0,0.0,3824.872665316076,14988.025314349363,14988.025314349365,11163.152649033287,11163.152649033289,0.9497611689033228,348987.10573639657,33.0,146.40786624696244,150012.9431203908,348987.10573639657
LNG,1.0,1.25,4.0,0.02,0.0,3824.872665316076,14988.025314349363,14916.025314349365,11163.152649033287,11091.152649033285,0.9437753369659333,344776.6690246821,33.0,145.88408790535212,150012.9431203908,344776.6690246821
LNG,1.0,1.25,4.0,0.05,0.0,3824.872665316076,14988.025314349363,14808.025314349363,11163.152649033287,10983.152649033287,0.9347976117856299,339120.5162139251,33.0,145.07853213695242,150012.9431203908,339120.5162139251
LNG,1.0,1.25,4.0,0.1,0.0,3824.872665316076,14988.025314349363,14628.025314349363,11163.152649033287,10803.152649033289,0.9198322135080612,333566.6933613236,33.0,144.1029762630138,150012.9431203908,333566.6933613236
LNG,1.0,1.5,1.0,0.0,0.0,2355.3177244733156,10865.579979265753,10865.579979265753,8510.262254792437,8510.262254792435,0.9498248714581712,296382.67447035684,33.0,146.13835674667212,150012.9431203908,296382.67447035684
LNG,1.0,1.5,1.0,0.02,0.0,2355.3177244733156,10865.579979265753,10793.579979265753,8510.262254792437,8438.26225479243,0.9419787523653986,294150.4203959167,33.0,145.36441733843955,150012.9431203908,294150.4203959167
LNG,1.0,1.5,1.0,0.05,0.0,2355.3177244733156,10865.579979265753,10685.579979265753,8510.262254792437,8330.262254792437,0.9302098694387159,291151.59694784414,33.0,144.12231503953294,150012.9431203908,291151.59694784414
LNG,1.0,1.5,1.0,0.1,0.0,2355.3177244733156,10865.579979265753,10505.579979265753,8510.262254792437,8150.262254792438,0.9105876505895941,290105.7366848445,33.0,142.438091693193,150012.9431203908,290105.7366848445
LNG,1.0,1.5,2.0,0.0,0.0,3403.9050389492077,14750.921378672454,14750.921378672454,11347.016339723246,11347.016339723248,0.9498213227092674,298975.409730865,33.0,146.1273829135629,150012.9431203908,298975.409730865
LNG,1.0,1.5,2.0,0.02,0.0,3403.9050389492077,14750.921378672454,14678.921378672452,11347.016339723246,11275.016339723246,0.9439367293075387,296941.6474417818,33.0,145.54415646880634,150012.9431203908,296941.6474417818
LNG,1.0,1.5,2.0,0.05,0.0,3403.9050389492077,14750.921378672454,14570.921378672454,11347.016339723246,11167.01633972325,0.9351103401475139,294072.7550277164,33.0,144.61715843169029,150012.9431203908,294072.7550277164
LNG,1.0,1.5,2.0,0.1,0.0,3403.9050389492077,14750.921378672454,14390.921378672452,11347.016339723246,10987.01633972324,0.920395810540378,291869.2580503779,33.0,143.2057348074848,150012.9431203908,291869.2580503779
LNG,1.0,1.5,3.0,0.0,0.0,4483.232091077326,18667.002515731383,18667.002515731383,14183.770424654058,14183.77042465405,0.9498186336113131,301030.4018216438,33.0,146.12982213050137,150012.9431203908,301030.4018216438
LNG,1.0,1.5,3.0,0.02,0.0,4483.232091077326,18667.002515731383,18595.002515731383,14183.770424654058,14111.77042465406,0.9451109308042187,299199.5467995521,33.0,145.6624920854207,150012.9431203908,299199.5467995521
LNG,1.0,1.5,3.0,0.05,0.0,4483.232091077326,18667.002515731383,18487.002515731383,14183.770424654058,14003.770424654056,0.938049719934161,296653.87007498404,33.0,144.94034364447302,150012.9431203908,296653.87007498404
LNG,1.0,1.5,3.0,0.1,0.0,4483.232091077326,18667.002515731383,18307.002515731383,14183.770424654058,13823.770424654056,0.9262797446047499,293655.1946954039,33.0,143.72824441136413,150012.9431203908,293655.1946954039
LNG,1.0,1.5,4.0,0.0,0.0,5608.060217060696,22628.584726645568,22628.584726645568,17020.524509584873,17020.524509584873,0.9498166143548644,302601.1664484025,33.0,146.13386245113404,150012.9431203908,302601.1664484025
LNG,1.0,1.5,4.0,0.02,0.0,5608.060217060696,22628.584726645568,22556.584726645568,17020.524509584873,16948.524509584866,0.9458935029945584,300951.90666298085,33.0,145.74444246600308,150012.9431203908,300951.90666298085
LNG,1.0,1.5,4.0,0.05,0.0,5608.060217060696,22628.584726645568,22448.584726645568,17020.524509584873,16840.524509584873,0.9400090873803555,298659.36406838236,33.0,145.15189835026618,150012.9431203908,298659.36406838236
LNG,1.0,1.5,4.0,0.1,0.0,5608.060217060696,22628.584726645568,22268.584726645568,17020.524509584873,16660.524509584873,0.9302017967735231,295245.33770054753,33.0,144.07650636458683,150012.9431203908,295245.33770054753
